N,k,a_k,y_detrended
10,1,0.10270270270270236,0.10270270270270236
10,2,0.021621621621621543,0.043243243243243086
10,3,0.09729729729729744,0.29189189189189235
10,4,0.12972972972972965,0.5189189189189186
10,5,0.21621621621621645,1.0810810810810823
10,6,0.1945945945945946,1.1675675675675676
10,7,0.34054054054054045,2.383783783783783
10,8,0.25945945945945975,2.075675675675678
10,9,0.29189189189189185,2.627027027027027
10,10,0.21621621621621623,2.1621621621621623
20,1,0.017225106182161738,0.017225106182161738
20,2,0.022022966808242644,0.04404593361648529
20,3,0.04129306276545517,0.12387918829636552
20,4,0.0110114834041214,0.0440459336164856
20,5,0.06882177127575863,0.3441088563787931
20,6,0.016517225106182504,0.09910335063709502
20,7,0.11562057574327521,0.8093440302029264
20,8,0.06606890042472863,0.528551203397829
20,9,0.09910335063709316,0.8919301557338385
20,10,0.055057417020607465,0.5505741702060747
20,11,0.18168947616800354,1.998584237848039
20,12,0.09910335063709305,1.1892402076451165
20,13,0.18404907975460127,2.3926380368098163
20,14,0.11562057574327474,1.6186880604058462
20,15,0.12387918829636646,1.8581878244454968
20,16,0.13213780084945728,2.1142048135913165
20,17,0.1871952178700646,3.1823187037910983
20,18,0.09910335063709287,1.7838603114676717
20,19,0.1882963662104766,3.5776309579990553
20,20,0.11011483404121455,2.202296680824291
30,1,0.011095983662355305,0.011095983662355305
30,2,0.010619469026548638,0.021238938053097275
30,3,0.02144315861129962,0.06432947583389886
30,4,0.007624234172906384,0.030496936691625537
30,5,0.03430905377808013,0.17154526889040064
30,6,6.600189145222766e-16,3.9601134871336594e-15
30,7,0.050034036759700425,0.350238257317903
30,8,0.022872702518720447,0.18298162014976357
30,9,0.03430905377808041,0.3087814840027237
30,10,0.01906058543226688,0.1906058543226688
30,11,0.08386657590197424,0.9225323349217167
30,12,0.03430905377808027,0.4117086453369633
30,13,0.08495575221238942,1.1044247787610624
30,14,0.040027229407760205,0.5603812117086429
30,15,0.05718175629680115,0.8577263444520173
30,16,0.09149081007488102,1.4638529611980964
30,17,0.12961198093941478,2.2034036759700513
30,18,0.06861810755616055,1.2351259360108897
30,19,0.1303744043567053,2.477113682777401
30,20,0.07624234172906788,1.5248468345813575
30,21,0.09006126616746075,1.891286589516676
30,22,0.08386657590197409,1.84506466984343
30,23,0.1315180394826411,3.024914908100745
30,24,0.06861810755616056,1.6468345813478535
30,25,0.11436351259360114,2.8590878148400285
30,26,0.08495575221238921,2.2088495575221194
30,27,0.10292716133424111,2.77903335602451
30,28,0.0800544588155207,2.2415248468345794
30,29,0.1326616746085771,3.847188563648736
30,30,0.05718175629679985,1.7154526889039954
50,1,0.004476895165290869,0.004476895165290869
50,2,0.0023042109127743965,0.004608421825548793
50,3,0.00935914646281213,0.02807743938843639
50,4,0.004597475455416426,0.018389901821665704
50,5,0.01666584852588446,0.0833292426294223
50,6,0.0017240532957816593,0.010344319774689956
50,7,0.013792426366249805,0.09654698456374863
50,8,0.011493688638541055,0.09194950910832844
50,9,0.010344319774687142,0.09309887797218427
50,10,0.0022987377277085886,0.022987377277085885
50,11,0.03160764375598842,0.34768408131587264
50,12,0.006896213183124045,0.08275455819748853
50,13,0.03201813263593622,0.4162357242671708
50,14,0.012068373070467325,0.16895722298654256
50,15,0.017240532957812284,0.25860799436718424
50,16,0.013792426366249652,0.22067882185999443
50,17,0.0521047218280532,0.8857802710769045
50,18,0.020688639549373843,0.37239551188872916
50,19,0.052411220191747626,0.9958131836432049
50,20,0.02298737727708259,0.45974754554165176
50,21,0.03620511921140434,0.7603075034394912
50,22,0.025286115004790135,0.556294530105383
50,23,0.05287096773728943,1.2160322579576568
50,24,0.020688639549374412,0.49652734918498587
50,25,0.04597475455416462,1.1493688638541155
50,26,0.05122901221749771,1.3319543176549404
50,27,0.062065918648122144,1.675779803499298
50,28,0.04827349228187349,1.3516577838924577
50,29,0.07999607292424668,2.3198861148031535
50,30,0.0344810659156231,1.0344319774686932
50,31,0.08016847825382467,2.485222825868565
50,32,0.05516970546499708,1.7654305748799066
50,33,0.0568937587607786,1.8774940391056938
50,34,0.05210472182805318,1.771560542153808
50,35,0.06034186535234102,2.1119652873319357
50,36,0.04137727909874832,1.4895820475549395
50,37,0.08057680666598321,2.981341846641379
50,38,0.05241122019174778,1.9916263672864156
50,39,0.05763263874468493,2.2476729110427125
50,40,0.04597475455416432,1.8389901821665728
50,41,0.08078421157374671,3.312152674523615
50,42,0.03620511921140504,1.5206150068790116
50,43,0.08087377278391676,3.4775722297084206
50,44,0.050572230009581116,2.2251781204215693
50,45,0.051721598873434894,2.32747194930457
50,46,0.0528709677372893,2.432064515915308
50,47,0.08103050490171514,3.8084337303806115
50,48,0.041377279098748054,1.9861093967399066
50,49,0.072410238422809,3.548101682717641
50,50,0.04597475455416458,2.2987377277082293
75,1,0.0022033179418184394,0.0022033179418184394
75,2,0.001302549994692481,0.002605099989384962
75,3,0.003040314023219762,0.009120942069659287
75,4,0.002239844872179057,0.008959379488716227
75,5,0.008261722889184761,0.041308614445923805
75,6,0.0011566412044865285,0.006939847226919172
75,7,0.011951959113020764,0.08366371379114534
75,8,0.0030843765452953746,0.024675012362362997
75,9,0.006361526624672378,0.0572537396220514
75,10,0.0015421882726476635,0.015421882726476634
75,11,0.016964070999125738,0.18660478099038313
75,12,0.004626564817942564,0.05551877781531077
75,13,0.012888287707128429,0.16754774019266958
75,14,0.002698829477133017,0.03778361267986224
75,15,0.004626564817943983,0.06939847226915974
75,16,0.009253129635887335,0.14805007417419735
75,17,0.021847667195843946,0.3714103423293471
75,18,0.004626564817943217,0.08327816672297791
75,19,0.021976182885231323,0.41754747481939514
75,20,0.007710941363239627,0.15421882726479255
75,21,0.012144732647101641,0.25503938558913447
75,22,0.008482035499563362,0.18660478099039396
75,23,0.02216895641931274,0.5098859976441931
75,24,0.004626564817944239,0.11103755563066173
75,25,0.019277353408098028,0.4819338352024507
75,26,0.01718438360950425,0.4467939738471105
75,27,0.027759388907661012,0.7495035005068473
75,28,0.01619297686280277,0.4534033521584776
75,29,0.0357787679254296,1.0375842698374582
75,30,0.01156641204485842,0.3469923613457526
75,31,0.035855877339062,1.111532197510922
75,32,0.01850625927177338,0.5922002966967481
75,33,0.025446106498689516,0.839721514456754
75,34,0.01747813375667479,0.5942565477269428
75,35,0.02698829477133671,0.9445903169967849
75,36,0.01387969445383092,0.4996690003379131
75,37,0.03603850489766577,1.3334246812136334
75,38,0.03516189261637027,1.3361519194220701
75,39,0.03866486312138471,1.5079296617340037
75,40,0.030843765452956067,1.2337506181182427
75,41,0.0541969021530521,2.2220729882751358
75,42,0.024289465294203408,1.0201575423565432
75,43,0.054256987410427754,2.3330504586483936
75,44,0.033928141998252094,1.4928382479230922
75,45,0.03469923613457576,1.5614656260559092
75,46,0.035470330270899846,1.631635192461393
75,47,0.054362136610835776,2.5550204207092815
75,48,0.027759388907660318,1.3324506675676953
75,49,0.048578930588406,2.380367598831894
75,50,0.030843765452956615,1.5421882726478309
75,51,0.0393258009525197,2.005615848578505
75,52,0.03436876721900855,1.7871758953884445
75,53,0.054490652300223326,2.888004571911836
75,54,0.027759388907660568,1.4990070010136707
75,55,0.04241017749781553,2.332559762379854
75,56,0.03238595372560414,1.8136134086338318
75,57,0.03955712919341681,2.254756364024758
75,58,0.03577876792542927,2.075168539674898
75,59,0.05459346485173288,3.22101442625224
75,60,0.023132824089717154,1.3879694453830291
75,61,0.05462331365701001,3.3320221330776105
75,62,0.03585587733906183,2.2230643950218334
75,63,0.036434197941304994,2.2953544703022146
75,64,0.03701251854354814,2.368801186787081
75,65,0.04296095902376086,2.792462336544456
75,66,0.025446106498688253,1.6794430289134248
75,67,0.05470232520039036,3.6650557884261543
75,68,0.03495626751335147,2.3770261909079
75,69,0.03990412155476232,2.7533843872786
75,70,0.02698829477133758,1.8891806339936306
75,71,0.05474768367899767,3.8870855412088345
75,72,0.027759388907660547,1.9986760013515594
75,73,0.054768524061059504,3.9981022564573436
75,74,0.036038504897663456,2.666849362427096
75,75,0.03469923613457483,2.6024427100931122
100,1,0.002685943082830051,0.002685943082830051
100,2,0.00044762858285222123,0.0008952571657044425
100,3,0.0013154577068519428,0.003946373120555829
100,4,0.001176749417444449,0.004706997669777796
100,5,0.002571518916980597,0.012857594584902985
100,6,0.0018657487794404139,0.011194492676642484
100,7,0.005136050010817839,0.03595235007572488
100,8,0.0023479085763736555,0.018783268610989244
100,9,0.00396209572263077,0.035658861503676934
100,10,0.003521862864560718,0.03521862864560718
100,11,0.008070935731284713,0.08878029304413185
100,12,0.0008804657161396639,0.010565588593675967
100,13,0.008175753078444549,0.10628479001977913
100,14,0.0016141871462560197,0.022598620047584277
100,15,0.006456748585028581,0.09685122877542872
100,16,0.005869771440934692,0.09391634305495507
100,17,0.009978611449588658,0.1696363946430072
100,18,3.674974024622116e-17,6.614953244319809e-16
100,19,0.010037309163997851,0.19070887411595916
100,20,0.001173954288187326,0.02347908576374652
100,21,0.009244890019471715,0.194142690408906
100,22,0.006456748585028116,0.14204846887061856
100,23,0.016875592892686773,0.3881386365317958
100,24,0.0035218628645611746,0.08452470874946819
100,25,0.014674428602336427,0.36686071505841067
100,26,0.006540602462755757,0.17005566403164968
100,27,0.010565588593682285,0.2852708920294217
100,28,0.006163260012981947,0.17257128036349453
100,29,0.017022337178710135,0.4936477781825939
100,30,0.002934885720466651,0.08804657161399954
100,31,0.017059023250215653,0.5288297207566852
100,32,0.007043725729121067,0.22539922333187415
100,33,0.009685122877542217,0.31960905495889314
100,34,0.013304815266117449,0.4523637190479933
100,35,0.02054420004327044,0.7190470015144654
100,36,0.010565588593682328,0.3803611893725638
100,37,0.02743345810289391,1.0150379498070747
100,38,0.013383078885330968,0.5085569976425768
100,39,0.019621807388266896,0.7652504881424089
100,40,0.011739542881868247,0.4695817152747299
100,41,0.027504071894664608,1.1276669476812489
100,42,0.009244890019472833,0.388285380817859
100,43,0.02753456421383847,1.1839862611950542
100,44,0.012913497170056212,0.5681938754824734
100,45,0.017609314322803125,0.7924191445261406
100,46,0.013500474314149516,0.6210218184508777
100,47,0.027587925772391872,1.296632511302418
100,48,0.010565588593681719,0.5071482524967226
100,49,0.024653040051924455,1.2079989625442984
100,50,0.011739542881868808,0.5869771440934404
100,51,0.02993583434876577,1.5267275517870544
100,52,0.026162409851022212,1.360445312253155
100,53,0.04147971818260404,2.1984250636780143
100,54,0.021131177187363688,1.1410835681176392
100,55,0.03228374292514018,1.7756058608827097
100,56,0.02465304005192506,1.3805702429078033
100,57,0.030111927491993998,1.7163798670436579
100,58,0.027235739485935506,1.5796728901842594
100,59,0.04155798180181629,2.451920926307161
100,60,0.017609314322803594,1.0565588593682156
100,61,0.04158070349771687,2.5364229133607292
100,62,0.027294437200345408,1.6922551064214153
100,63,0.0277346700584155,1.7472842136801765
100,64,0.028174902916485795,1.803193786655091
100,65,0.03270301231377781,2.1256958003955577
100,66,0.019370245755083264,1.2784362198354955
100,67,0.04164084916333518,2.789936893943457
100,68,0.026609630532237295,1.809454876192136
100,69,0.03037606720683574,2.095948637271666
100,70,0.020544200043271517,1.4380940030290061
100,71,0.04167537723063482,2.9589517833750723
100,72,0.021131177187364,1.5214447574902081
100,73,0.041691241477771916,3.0434606278773497
100,74,0.027433458102893455,2.0300758996141157
100,75,0.026413971484204345,1.981047861315326
100,76,0.02676615777066086,2.0342279905702254
100,77,0.033897930071396125,2.6101406154975018
100,78,0.01962180738826659,1.530500976284794
100,79,0.04173407494504404,3.296991920658479
100,80,0.02347908576373846,1.8783268610990769
100,81,0.031696765781046306,2.5674380282647506
100,82,0.02750407189466433,2.255333895362475
100,83,0.041759231108362646,3.4660161819940996
100,84,0.01848978003894261,1.5531415232711794
100,85,0.033262038165295764,2.82727324405014
100,86,0.027534564213837213,2.36797252239
100,87,0.030640206921678247,2.6656980021860077
100,88,0.025826994340111462,2.2727755019298086
100,89,0.04179277265945375,3.7195567666913836
100,90,0.017609314322803694,1.5848382890523325
100,91,0.03433816292946682,3.1247728265814807
100,92,0.02700094862829842,2.4840872738034547
100,93,0.030706241850388227,2.855680492086105
100,94,0.027587925772392257,2.5932650226048723
100,95,0.03345769721332649,3.1784812352660166
100,96,0.021131177187363927,2.028593009986937
100,97,0.04183110586070042,4.057617268487941
100,98,0.024653040051924917,2.4159979250886416
100,99,0.02905536863262589,2.8764814946299633
100,100,0.023479085763738063,2.3479085763738063
150,1,0.0011450255997255852,0.0011450255997255852
150,2,0.00018154876733521275,0.0003630975346704255
150,3,0.0005832349664275076,0.001749704899282523
150,4,0.0006600010365451849,0.0026400041461807394
150,5,0.0015047093364703634,0.007523546682351817
150,6,0.00034326908510560306,0.0020596145106336183
150,7,0.002725221639067121,0.019076551473469847
150,8,0.001134927598450707,0.009079420787605656
150,9,0.00318151834975548,0.02863366514779932
150,10,0.0016837860272100181,0.016837860272100182
150,11,0.0026187058931466385,0.028805764824613025
150,12,0.0005860691696912711,0.007032830036295253
150,13,0.004716461413234026,0.061313998372042336
150,14,0.002441954873715185,0.034187368232012585
150,15,0.003272219530779847,0.04908329296169771
150,16,0.0015628511191783157,0.025005617906853052
150,17,0.005535097713755924,0.0940966611338507
150,18,0.0005860691696919048,0.010549245054454285
150,19,0.0055676571120724825,0.10578548512937717
150,20,0.0007814255595893697,0.015628511191787396
150,21,0.0024907939711901403,0.052306673394992946
150,22,0.0035815338147832773,0.0787937439252321
150,23,0.008986393935274666,0.2066870605113173
150,24,0.002344276678767637,0.056262640290423285
150,25,0.00703283003630191,0.17582075090754773
150,26,0.0014512188963799308,0.0377316913058782
150,27,0.003516415018151105,0.09494320549007983
150,28,0.001367494729281535,0.03828985241988298
150,29,0.006798402368425134,0.1971536686843289
150,30,-0.0003907127797951107,-0.01172138339385332
150,31,0.011355090162778686,0.35200779504613927
150,32,0.004688553357534238,0.15003370744109562
150,33,0.006446760866610085,0.2127431085981328
150,34,0.004428078171004125,0.15055465781414026
150,35,0.008546842058005462,0.2991394720301912
150,36,0.0023442766787676087,0.08439396043563391
150,37,0.011412925936103744,0.42227825963583854
150,38,0.004454125689657507,0.16925677620698526
150,39,0.006530485033708857,0.2546889163146454
150,40,0.003907127797944867,0.15628511191779468
150,41,0.011442302836840439,0.469134416310458
150,42,0.0020512420939217827,0.08615216794471488
150,43,0.011454988316703812,0.49256449761826393
150,44,0.004297840577740398,0.18910498542057752
150,45,0.0058606916969183645,0.2637311263613264
150,46,0.004493196967637155,0.20668706051130914
150,47,0.011477187906464485,0.5394278316038308
150,48,0.0023442766787670675,0.11252528058081923
150,49,0.01025621046960615,0.5025543130107014
150,50,0.0039071277979452635,0.19535638989726317
150,51,0.013284234513014075,0.6774959601637178
150,52,0.008707313378278335,0.45278029567047345
150,53,0.01840691318143171,0.9755663986158807
150,54,0.007032830036301342,0.37977282196027246
150,55,0.014326135259133323,0.7879374392523327
150,56,0.008204968375685441,0.4594782290383847
150,57,0.01336237706897257,0.7616554929314365
150,58,0.009064536491232813,0.5257431164915032
150,59,0.01844164320630203,1.08805694917182
150,60,0.0058606916969177365,0.3516415018150642
150,61,0.018451726116748952,1.1255552931216861
150,62,0.009084072130223384,0.5632124720738498
150,63,0.012307452563527816,0.7753695115022524
150,64,0.009377106715069063,0.60013482976442
150,65,0.014512188963797164,0.9432922826468156
150,66,0.006446760866609477,0.4254862171962255
150,67,0.018478416173812667,1.2380538836454487
150,68,0.008856156342010445,0.6022186312567103
150,69,0.013479590902910987,0.930091772300858
150,70,0.006837473646405148,0.4786231552483604
150,71,0.018493738243608292,1.3130554152961889
150,72,0.007032830036301144,0.5063637626136823
150,73,0.018500778113513795,1.350556802286507
150,74,0.009130340748882596,0.675645215417312
150,75,0.011721383393835244,0.8791037545376433
150,76,0.017816502758630868,1.354054209655946
150,77,0.02256366303313416,1.7374020535513304
150,78,0.013060970067417486,1.0187556652585639
150,79,0.027779678643391547,2.1945946128279323
150,80,0.015628511191781897,1.2502808953425517
150,81,0.021098490108905164,1.7089776988213183
150,82,0.018307684538943863,1.5012301321933967
150,83,0.027796423476811095,2.307103148575321
150,84,0.012307452563527105,1.0338260153362768
150,85,0.022140390855024176,1.8819332226770549
150,86,0.018327981306725184,1.5762063923783658
150,87,0.02039520710527505,1.7743830181589295
150,88,0.01719136231095933,1.512839883364421
150,89,0.027818749921371254,2.4758687430020414
150,90,0.011721383393836047,1.0549245054452443
150,91,0.022856697617980558,2.0799594832362307
150,92,0.017972787870548457,1.653496484090458
150,93,0.020439162293001637,1.9008420932491523
150,94,0.018363500650343367,1.7261690611322766
150,95,0.022270628448288612,2.1157097025874183
150,96,0.014065660072602792,1.350303366969868
150,97,0.02784426585801073,2.7008937882270407
150,98,0.016409936751370792,1.6081738016343377
150,99,0.019340282599830033,1.9146879773831733
150,100,0.015628511191781543,1.5628511191781542
150,101,0.0278555228888817,2.813407811777052
150,102,0.013284234513014803,1.3549919203275098
150,103,0.02786082668227172,2.869665148273987
150,104,0.017414626756556455,1.8111211826818714
150,105,0.015384315704409894,1.6153531489630388
150,106,0.018406913181432075,1.9511327972318
150,107,0.02787084495867749,2.9821804105784913
150,108,0.014065660072603443,1.5190912878411718
150,109,0.02787558087115985,3.038438314956424
150,110,0.014326135259133376,1.5758748785046715
150,111,0.02054326668498662,2.280302602033515
150,112,0.01640993675137091,1.837912916153542
150,113,0.027884554179020714,3.1509546222293405
150,114,0.013362377068974135,1.5233109858630514
150,115,0.022465984838186074,2.5835882563913986
150,116,0.018129072982467086,2.102972465966182
150,117,0.01959145510112625,2.2922002468317713
150,118,0.01844164320630249,2.1761138983436936
150,119,0.023247410397775004,2.7664418373352255
150,120,0.011721383393836965,1.4065660072604358
150,121,0.02578704346643935,3.1202322594391614
150,122,0.018451726116748404,2.251110586243305
150,123,0.0205961451063124,2.533325848076425
150,124,0.018168144260445655,2.2528498882952612
150,125,0.023442766787672216,2.930345848459027
150,126,0.012307452563528398,1.550739023004578
150,127,0.027911544206572415,3.544766114234697
150,128,0.018754213430138125,2.40053931905768
150,129,0.02061897897006615,2.659848287138533
150,130,0.01451218896379728,1.8865845652936464
150,131,0.02791820408350028,3.657284734938537
150,132,0.012893521733219797,1.7019448687850132
150,133,0.023384159870703358,3.1100932628035465
150,134,0.018478416173811806,2.476107767290782
150,135,0.01758207509075405,2.3735801372517966
150,136,0.017712312684018766,2.408874525026552
150,137,0.027927469999227378,3.8260633898941507
150,138,0.01347959090291232,1.8601835446019
150,139,0.027930382144169798,3.882323118039602
150,140,0.013674947292808432,1.9144926209931805
150,141,0.02065893823163574,2.9129102906606392
150,142,0.018493738243607928,2.6261108305923258
150,143,0.02394511179026527,3.424150986007934
150,144,0.014065660072604055,2.025455050454984
150,145,0.022661341228083096,3.285894478072049
150,146,0.018500778113514922,2.7011136045731785
150,147,0.018461178845292456,2.713793290257991
150,148,0.018260681497766197,2.7025808616693974
150,149,0.027943778010904214,4.163622923624728
150,150,0.011721383393837216,1.7582075090755824
200,1,3.978498511303239e-05,3.978498511303239e-05
200,2,0.0005859769652735604,0.0011719539305471208
200,3,0.0007818561270847788,0.0023455683812543364
200,4,0.00022271687019863307,0.0008908674807945323
200,5,0.0018486100206698737,0.009243050103349368
200,6,-4.6936529874208874e-05,-0.00028161917924525323
200,7,0.0022195763460645906,0.015537034422452134
200,8,0.0005854897504342035,0.004683918003473628
200,9,0.00180862095116318,0.016277588560468622
200,10,2.5496386598754675e-05,0.00025496386598754673
200,11,0.0024928512533332866,0.027421363786666153
200,12,0.0009283002575169083,0.011139603090202899
200,13,0.0036506189902370334,0.04745804687308144
200,14,0.0008031361778513244,0.011243906489918541
200,15,0.00041199842889886744,0.006179976433483012
200,16,0.0011681980768758374,0.018691169230013398
200,17,0.0035857190970771963,0.060957224650312336
200,18,0.0004380742788284011,0.00788533701891122
200,19,0.005271493821902666,0.10015838261615065
200,20,0.0017522971153140306,0.03504594230628061
200,21,0.0018618156850209013,0.039098129385438926
200,22,0.0010708482371361047,0.023558661216994303
200,23,0.004198211838772788,0.09655887229177412
200,24,0.0004380742788287482,0.010513782691889958
200,25,0.0030665199517993414,0.07666299879498353
200,26,0.0010847553570990415,0.028203639284575078
200,27,0.002409408533556945,0.06505403040603752
200,28,0.0008031361778527392,0.0224878129798767
200,29,0.0067755488458800875,0.19649091653052253
200,30,0.00116819807687488,0.0350459423062464
200,31,0.0067901513218410385,0.21049469097707219
200,32,0.002920495192189468,0.09345584615006297
200,33,0.004015680889261149,0.13251746934561792
200,34,0.0011032981837153575,0.03751213824632216
200,35,0.0033220632811156304,0.11627221483904707
200,36,2.553552949407828e-16,9.192790617868181e-15
200,37,0.005118552099995653,0.18938642769983918
200,38,0.0011097881730316663,0.042171950575203315
200,39,0.0024406995534727812,0.09518728258543847
200,40,0.0005840990384373526,0.023363961537494104
200,41,0.008552878777127406,0.3506680298622236
200,42,0.0015332599758998819,0.06439691898779504
200,43,0.008562360904374433,0.36818151888810063
200,44,0.003212544711409192,0.14135196730200444
200,45,0.00438074278828468,0.1971334254728106
200,46,0.0033585694710182726,0.15449419566684053
200,47,0.008578954627057234,0.40321086747169
200,48,0.001752297115313488,0.08411026153504743
200,49,0.00766629987949762,0.3756486940953834
200,50,0.0029204951921893117,0.1460247596094656
200,51,0.004964841826722563,0.2532069331628507
200,52,0.0032542660712974675,0.16922183570746832
200,53,0.008599235843670183,0.4557594997145197
200,54,0.0017522971153133466,0.09462404422692072
200,55,0.006692801482101609,0.3681040815155885
200,56,0.0030665199517995578,0.17172511730077522
200,57,0.004994046778644023,0.2846606663827093
200,58,0.003387774422939607,0.19649091653049722
200,59,0.008615460816959129,0.5083121882005887
200,60,0.0014602475960951043,0.08761485576570625
200,61,0.008620171293076177,0.5258304488776468
200,62,0.0033950756609206676,0.2104946909770814
200,63,0.004599779927698615,0.28978613544501275
200,64,0.0035045942306275897,0.22429403076016574
200,65,0.006779720981868982,0.44068186382148383
200,66,0.0016062723557039335,0.1060139754764596
200,67,0.013812224320709257,0.9254190294875202
200,68,0.006619789102297728,0.4501456589562455
200,69,0.010075708413054187,0.6952238805007389
200,70,0.005110866586333053,0.3577606610433137
200,71,0.013823677243031506,0.981481084255237
200,72,0.005256891345941215,0.3784961769077675
200,73,0.013828939396529983,1.0095125759466888
200,74,0.006824736133327137,0.5050304738662081
200,75,0.008761485576568183,0.6571114182426138
200,76,0.006658729038192468,0.5060634069026275
200,77,0.011243906489929923,0.8657807997246041
200,78,0.00488139910694607,0.3807491303417935
200,79,0.013843147210978537,1.0936086296673044
200,80,0.00584099038438008,0.4672792307504064
200,81,0.010513782691882887,0.8516163980425139
200,82,0.006842303021700992,0.5610688477794813
200,83,0.013851491482956528,1.1496737930853917
200,84,0.004599779927698424,0.38638151392666764
200,85,0.01103298183716133,0.9378034561587131
200,86,0.006849888723498857,0.5890904302209017
200,87,0.010163323268820334,0.8842091243873691
200,88,0.00642508942281644,0.5654078692078467
200,89,0.013862617178927363,1.2337729289245354
200,90,0.004380742788285323,0.3942668509456791
200,91,0.011389931249539626,1.036483743708106
200,92,0.006717138942035773,0.6179767826672912
200,93,0.010185226982761373,0.9472261093968076
200,94,0.006863163701645221,0.6451373879546508
200,95,0.011097881730320688,1.0542987643804653
200,96,0.005256891345941312,0.504661569210366
200,97,0.013875332260035856,1.3459072292234782
200,98,0.006133039903598006,0.6010379105526046
200,99,0.009637634134225982,0.9541257792883722
200,100,0.005840990384379626,0.5840990384379626
200,101,0.020821412781964733,2.1029626909784382
200,102,0.009929683653445062,1.0128277326513964
200,103,0.020825377255075238,2.1450138572727493
200,104,0.013017064285187766,1.3537746856595276
200,105,0.011499449819246717,1.2074422310209054
200,106,0.013758777349871316,1.4584303990863594
200,107,0.020832865704286916,2.2291166303587002
200,108,0.010513782691883106,1.1354885307233755
200,109,0.0208364056984592,2.2711682211320525
200,110,0.010708482371362384,1.1779330608498622
200,111,0.015355656299987005,1.7044778492985575
200,112,0.012266079807196784,1.37380093840604
200,113,0.02084311305583772,2.3552717753096624
200,114,0.009988093557289687,1.1386426655310242
200,115,0.016792847355090776,1.9311774458354392
200,116,0.013551097691760558,1.5719273322442249
200,117,0.014644197320836948,1.713371086537923
200,118,0.013784737307135793,1.6265990022420236
200,119,0.01737694639352845,2.0678566208298856
200,120,0.00876148557656968,1.0513782691883615
200,121,0.01927526826845179,2.332307460482667
200,122,0.01379227406892167,1.682657436408444
200,123,0.015395181798828466,1.8936073612559012
200,124,0.0135803026436817,1.6839575278165309
200,125,0.01752297115313809,2.1903713941422613
200,126,0.009199559855398247,1.1591445417801791
200,127,0.02086328752920493,2.6496375162090264
200,128,0.014018376922511046,1.7943522460814139
200,129,0.015412249627873704,1.9881802019957078
200,130,0.010847553570990503,1.4101819642287654
200,131,0.02086826564600936,2.733742799627226
200,132,0.009637634134225847,1.2721677057178118
200,133,0.017479163725255265,2.3247287754589503
200,134,0.013812224320708527,1.8508380589749427
200,135,0.013142228364853261,1.7742008292551903
200,136,0.013239578204592992,1.8005826358246468
200,137,0.02087519172156482,2.85990126585438
200,138,0.010075708413054758,1.3904477610015566
200,139,0.020877368488167576,2.901954219855293
200,140,0.010221733172663105,1.4310426441728346
200,141,0.015442118328702384,2.177338684347036
200,142,0.013823677243030703,1.9629621685103598
200,143,0.017898463392133905,2.5594802650751483
200,144,0.010513782691883349,1.5139847076312023
200,145,0.01693887211470015,2.456136456631522
200,146,0.013828939396530971,2.019025151893522
200,147,0.013799339783096692,2.028502948115214
200,148,0.013649472266655568,2.020121895465024
200,149,0.020887381614540453,3.1122198605665274
200,150,0.008761485576570097,1.3142228364855144
200,151,0.020889226137819877,3.1542731468108016
200,152,0.013317458076384969,2.0242536276105154
200,153,0.014894525480167215,2.278862398465584
200,154,0.011243906489930103,1.731561599449236
200,155,0.0169753783046022,2.6311836372133413
200,156,0.009762798213890894,1.5229965213669794
200,157,0.020894479526906488,3.2804332857243184
200,158,0.013843147210979354,2.187217259334738
200,159,0.015478624518604999,2.461101298458195
200,160,0.011681980768758078,1.8691169230012925
200,161,0.017632489722844667,2.8388308453779914
200,162,0.010513782691882669,1.7032327960849922
200,163,0.02089934852166979,3.4065938090321755
200,164,0.013684606043403496,2.2442753911181734
200,165,0.012047042667782093,1.9877620401840452
200,166,0.01385149148295689,2.299347586170844
200,167,0.02090240130410066,3.49070101778481
200,168,0.00919955985539715,1.5455260557067212
200,169,0.01952559642778258,3.2998257962952557
200,170,0.011032981837161199,1.8756069123174037
200,171,0.014982140335932561,2.561945997444468
200,172,0.013699777446999368,2.3563617208838914
200,173,0.020906717306847185,3.616862094084563
200,174,0.010163323268820315,1.7684182487747349
200,175,0.01533259975899557,2.6832049578242247
200,176,0.01285017884563572,2.261631476831887
200,177,0.015507829470527673,2.7448858162833982
200,178,0.013862617178926864,2.4675458578489815
200,179,0.02091074557607829,3.743023458118014
200,180,0.008761485576567996,1.5770674037822392
200,181,0.02091202931022833,3.785077305151328
200,182,0.011389931249539888,2.0729674874162596
200,183,0.015516308327537231,2.839484423939313
200,184,0.013434277884072903,2.4719071306694143
200,185,0.017061840333318652,3.1564404616639505
200,186,0.010185226982761487,1.8944522187936366
200,187,0.01820442003131585,3.4042265458560643
200,188,0.01372632740329203,2.5805495518189017
200,189,0.013799339783095754,2.6080752190050975
200,190,0.011097881730321007,2.1085975287609915
200,191,0.02091804681405861,3.9953469414851948
200,192,0.0105137826918829,2.0186462768415168
200,193,0.020919175871478374,4.037400943195326
200,194,0.01387533226003559,2.6918144584469044
200,195,0.012203497767363812,2.3796820646359436
200,196,0.012266079807197022,2.4041516422106164
200,197,0.020921365558595258,4.121509015043266
200,198,0.00963763413422651,1.908251558576849
200,199,0.02092242755684662,4.163563083812478
200,200,0.01168198076875886,2.336396153751772
300,1,0.00016457830843137587,0.00016457830843137587
300,2,0.00022632303611457147,0.00045264607222914293
300,3,0.0005332979986467724,0.0015998939959403174
300,4,9.095910214820719e-05,0.00036383640859282876
300,5,0.0007115258197186536,0.0035576290985932678
300,6,-5.14138382715212e-06,-3.084830296291272e-05
300,7,0.0009596879064682048,0.006717815345277434
300,8,0.0003306720424615464,0.002645376339692371
300,9,0.0004386985266597398,0.0039482867399376585
300,10,8.467134024961206e-05,0.0008467134024961205
300,11,0.001589451952766069,0.01748397148042676
300,12,0.00017198380487350314,0.0020638056584820377
300,13,0.0012926750211851336,0.016804775275406737
300,14,0.0003066811479854125,0.004293536071795775
300,15,0.0003006220979508766,0.004509331469263148
300,16,0.0005686185418589745,0.009097896669743592
300,17,0.0017788749465259851,0.030240874090941748
300,18,0.0006222178306409913,0.011199920951537844
300,19,0.002576960588474593,0.04896225118101727
300,20,0.0008436061973484808,0.016872123946969617
300,21,0.0007707810767206918,0.016186402611134527
300,22,3.728646176148682e-05,0.00082030215875271
300,23,0.0014739804414994101,0.03390155015448643
300,24,0.0002936308863701502,0.007047141272883604
300,25,0.0018596622803424606,0.046491557008561515
300,26,0.0007270860043443967,0.018904236112954314
300,27,0.0013213389886645467,0.03567615269394276
300,28,0.0012234620265414208,0.034256936743159785
300,29,0.003595347075328446,0.10426506518452494
300,30,0.00063620025380018,0.0190860076140054
300,31,0.002844549211707986,0.08818102556294756
300,32,0.0007830156969861693,0.025056502303557417
300,33,0.0014803890521150344,0.048852838719796135
300,34,0.0007395148249308542,0.025143504047649045
300,35,0.0016149698750339736,0.05652394562618908
300,36,0.0002936308863697313,0.010570711909310328
300,37,0.0028590375778116874,0.10578439037903244
300,38,0.0007438649121362024,0.028266866661175692
300,39,0.0014996148839599506,0.05848498047443807
300,40,0.0003915078484926491,0.015660313939705964
300,41,0.0028663967478963492,0.11752226666375032
300,42,0.0001468154431852799,0.006166248613781756
300,43,0.004591319314146471,0.19742673050829826
300,44,0.0017944109722605643,0.07895408277946483
300,45,0.0021532931667119365,0.09689819250203714
300,46,0.0018759751073630043,0.08629485493869819
300,47,0.004600217219794325,0.2162102093303333
300,48,0.001174523545479125,0.056377130182998
300,49,0.004110832409177687,0.20143078804970668
300,50,0.0013702774697252466,0.06851387348626232
300,51,0.0016639083560956252,0.08485932616087688
300,52,0.0007270860043448014,0.037808472225929673
300,53,0.003458319328356238,0.1832909244028806
300,54,-2.9261356804364974e-16,-1.5801132674357086e-14
300,55,0.0023327342639384158,0.12830038451661285
300,56,0.0006851387348633974,0.03836776915235025
300,57,0.0016736960523077759,0.09540067498154323
300,58,0.0007569151737528632,0.04390108007766606
300,59,0.003464844459163566,0.20442582309065038
300,60,-0.00019575392424600518,-0.01174523545476031
300,61,0.005777898086632475,0.35245178328458093
300,62,0.0022756393693661673,0.14108964090070236
300,63,0.0030831243068833074,0.19423683133364836
300,64,0.002349047090958909,0.1503390138213702
300,65,0.004544287527152137,0.2953786892648889
300,66,0.001076646583355266,0.07105867450144755
300,67,0.005786255701994194,0.38767913203361104
300,68,0.0022185444747954528,0.1508610242860908
300,69,0.003376755193253012,0.23299610833445783
300,70,0.0017128468371584678,0.11989927860109274
300,71,0.005791053592294169,0.411164805052886
300,72,0.0011745235454793973,0.08456569527451661
300,73,0.005793258028377335,0.4229078360715455
300,74,0.0022872300622488622,0.1692550246064158
300,75,0.0029363088636970396,0.22022316477727796
300,76,0.0022315947364108762,0.16960119996722658
300,77,0.004710328802181953,0.3626953177680104
300,78,0.0010906290065171953,0.08506906250834123
300,79,0.005799210005803587,0.45813759045848335
300,80,0.001957539242466316,0.15660313939730527
300,81,0.0035235706364380925,0.2854092215514855
300,82,0.0022931173983158706,0.18803562666190138
300,83,0.005802705611594232,0.48162456576232127
300,84,0.001027708102294088,0.08632748059270338
300,85,0.00462196765582176,0.3928672507448496
300,86,0.0022956596570728773,0.19742673050826745
300,87,0.003406118281890207,0.296332290524448
300,88,0.002153293166710977,0.18948979867056598
300,89,0.005807366419314482,0.5168556113189889
300,90,0.000978769621233474,0.08808926591101265
300,91,0.004771501903509699,0.43420667321938267
300,92,0.002251170128835106,0.20710765185282975
300,93,0.003413459054048719,0.31745169202653084
300,94,0.002300108609896604,0.2162102093302808
300,95,0.004649155700855437,0.44166979158126657
300,96,0.0011745235454788984,0.11275426036597425
300,97,0.005812693056709036,0.5638312265007764
300,98,0.0020554162045880444,0.20143078804962836
300,99,0.003229939750067911,0.31976403525672314
300,100,0.0019575392424665996,0.19575392424665997
300,101,0.009304068870072213,0.9397109558772935
300,102,0.0033278167121916693,0.33943730464355026
300,103,0.00930584039879767,0.9585015610761599
300,104,0.004362516026065121,0.45370166671077256
300,105,0.005138540511471617,0.5395467537045198
300,106,0.004611092437807691,0.48877579840761526
300,107,0.009309186619725343,0.9960829683106117
300,108,0.0035235706364383336,0.38054562873534004
300,109,0.009310768469618728,1.0148737631884415
300,110,0.0035888219445201607,0.3947704138972177
300,111,0.006861690186747767,0.7616476107290021
300,112,0.004110832409177945,0.46041322982792987
300,113,0.009313765658888883,1.0524555194544438
300,114,0.003347392104617499,0.3816026999263949
300,115,0.007503900429451513,0.862948549386924
300,116,0.004541491042519901,0.5268129609323084
300,117,0.00654377403909965,0.7656215625746591
300,118,0.004619792612219401,0.5451355282418894
300,119,0.0077649056617799745,0.924023773751817
300,120,0.002936308863698938,0.3523570636438726
300,121,0.008613172666848159,1.0421938926886272
300,122,0.0046223184693056415,0.5639228532552882
300,123,0.006879352194949932,0.8461603199788417
300,124,0.004551278738732111,0.5643585636027817
300,125,0.007830156969862025,0.9787696212327531
300,126,0.003083124306883747,0.38847366266735217
300,127,0.009322780642242278,1.1839931415647693
300,128,0.004698094181917601,0.6013560552854529
300,129,0.006886978971219448,0.8884202872873088
300,130,0.0036354300217225598,0.4726059028239328
300,131,0.009325005118653282,1.22157567054358
300,132,0.0032299397500678375,0.42635204700895457
300,133,0.007810581577437782,1.038807349799225
300,134,0.0046290045615944575,0.6202866112536574
300,135,0.0058726177273967384,0.7928033931985596
300,136,0.004437088949588052,0.6034440971439751
300,137,0.009328100042357786,1.2779497058030167
300,138,0.003376755193253561,0.46599221666899143
300,139,0.00932907273266416,1.296741109840318
300,140,0.0034256936743137043,0.4795971144039186
300,141,0.006900325829690086,0.9729459419863021
300,142,0.004632842873835088,0.6578636880845825
300,143,0.007997946047788446,1.1437062848337478
300,144,0.0035235706364377703,0.5073941716470389
300,145,0.007569151737533158,1.097527001942308
300,146,0.004634606422702351,0.6766525377145433
300,147,0.006166248613766774,0.9064385462237159
300,148,0.004574460124499125,0.6770200984258705
300,149,0.009333547108075475,1.3906985191032457
300,150,0.002936308863700077,0.44044632955501156
300,151,0.014001557002688084,2.1142351074059005
300,152,0.008926378945643075,1.3568095997377474
300,153,0.009983450136574056,1.5274678708958305
300,154,0.0075365260834924066,1.1606250168578307
300,155,0.011378196846830608,1.7636205112587442
300,156,0.006543774039098841,1.020828750099419
300,157,0.01400507822584192,2.1987972814571815
300,158,0.009278736009286923,1.466040289467334
300,159,0.010374957985067086,1.6496183196256666
300,160,0.007830156969861427,1.2528251151778282
300,161,0.011818643176385396,1.9028015513980487
300,162,0.007047141272875684,1.1416368862058608
300,163,0.014008341798522008,2.2833597131590873
300,164,0.009172469593267493,1.504285013295869
300,165,0.008074849375170124,1.3323501469030705
300,166,0.009284328978551025,1.5411986104394702
300,167,0.014010388006789538,2.3397347971338527
300,168,0.006166248613766273,1.0359297671127339
300,169,0.013087548078198435,2.2117956252155353
300,170,0.007395148249314271,1.2571752023834262
300,171,0.01004217631384767,1.7172121496679515
300,172,0.009182638628293233,1.579413844066436
300,173,0.01401328092192554,2.4242975994931184
300,174,0.006812236563780361,1.1853291620977828
300,175,0.010277081022944057,1.79848917901521
300,176,0.008613172666849796,1.5159183893655641
300,177,0.010394533377492559,1.839832407816183
300,178,0.009291786270903114,1.6539379562207543
300,179,0.01401598097605353,2.508860594713582
300,180,0.005872617727395839,1.0570711909312511
300,181,0.014016841432862947,2.5370482993481933
300,182,0.007634403045615695,1.3894613543020564
300,183,0.010400216555938474,1.9032396297367409
300,184,0.009004680515341893,1.6568612148229085
300,185,0.011436150311246167,2.115687807580541
300,186,0.006826918108098792,1.2698067681063752
300,187,0.012201994611368784,2.281772992325963
300,188,0.009200434439588305,1.7296816746426014
300,189,0.009249372920649344,1.748131482002726
300,190,0.007438649121369531,1.413343333060211
300,191,0.014020874824159483,2.6779870914144612
300,192,0.00704714127287593,1.3530511243921786
300,193,0.014021631604794497,2.706174899725338
300,194,0.009300308890734021,1.8042599248024
300,195,0.008179717548873732,1.5950449220303777
300,196,0.008221664818355814,1.6114463043977394
300,197,0.014023099300571216,2.7625505622125295
300,198,0.006459879500137386,1.2790561410272026
300,199,0.014023811133023012,2.7907384154715795
300,200,0.007830156969861281,1.5660313939722563
300,201,0.010415260263588678,2.0934673129813244
300,202,0.009304068870071288,1.8794219117544002
300,203,0.011921413986615283,2.4200470392829025
300,204,0.006655633424382996,1.3577492185741311
300,205,0.011465586991584375,2.3504453332747968
300,206,0.00930584039879727,1.9170031221522377
300,207,0.010130265579759573,2.0969649750102315
300,208,0.008725032052133179,1.814806666843701
300,209,0.012273771050258921,2.5652181495041146
300,210,0.005138540511472532,1.0790935074092318
300,211,0.01402780008091359,2.9598658170727674
300,212,0.009222184875615661,1.95510319363052
300,213,0.010423896466128797,2.220289947285434
300,214,0.009309186619725513,1.9921659366212596
300,215,0.011478298285366466,2.4678341313537904
300,216,0.007047141272875863,1.5221825149411865
300,217,0.011947106689172276,2.592522151550384
300,218,0.009310768469617113,2.0297475263765308
300,219,0.01042786445107958,2.283702314786428
300,220,0.007177643889040266,1.5790816555888585
300,221,0.012360462073854264,2.7316621183217924
300,222,0.006861690186747484,1.5232952214579414
300,223,0.014031361641529476,3.128993646061073
300,224,0.008221664818354695,1.8416529193114517
300,225,0.008808926591095669,1.9820084829965254
300,226,0.00931376565888844,2.1049110389087873
300,227,0.014032465517042327,3.185369672368608
300,228,0.006694784209231693,1.526410799704826
300,229,0.014033003056422726,3.213557699920804
300,230,0.007503900429451107,1.7258970987737545
300,231,0.00847859184392974,1.9585547159477699
300,232,0.009082982085040945,2.1072518437294994
300,233,0.014034050569060855,3.2699337825911794
300,234,0.006543774039098275,1.5312431251489964
300,235,0.011500543049484802,2.7026276166289285
300,236,0.00923958522443707,2.1805421129671485
300,237,0.010438578010447662,2.473942988476096
300,238,0.007764905661780013,1.848047547503643
300,239,0.014035556368477609,3.3544979720661487
300,240,0.005872617727396867,1.4094282545752481
300,241,0.014036041708786482,3.382686051817542
300,242,0.00861317266684815,2.0843877853772526
300,243,0.010570711909313996,2.568682993963301
300,244,0.009244636938611482,2.255691413021202
300,245,0.010277081022944109,2.5178848506213067
300,246,0.006879352194951548,1.6923206399580808
300,247,0.012433170674288608,3.070993156549286
300,248,0.009102557477464997,2.257434254411319
300,249,0.010444870100869794,2.6007726551165784
300,250,0.00783015696986246,1.9575392424656153
300,251,0.014038352853110227,3.523626566130667
300,252,0.006166248613766108,1.5538946506690592
300,253,0.012381435708594615,3.1325032342744374
300,254,0.009322780642241516,2.367986283129345
300,255,0.008319541780478602,2.1214831540220436
300,256,0.009396188363834497,2.4054242211416312
300,257,0.014039653543636718,3.6081909607146367
300,258,0.0068869789712197975,1.7768405745747078
300,259,0.01200795782680835,3.1100610771433628
300,260,0.007270860043442372,1.8904236112950166
300,261,0.010218354845670725,2.666990614720059
300,262,0.009325005118654599,2.4431513410875048
300,263,0.014040895111867154,3.6927554144210615
300,264,0.006459879500136576,1.705408188036056
300,265,0.011527731094519168,3.0548487400475794
300,266,0.007810581577437215,2.0776146995982994
300,267,0.010453259554766666,2.7910203011226997
300,268,0.009258009123190277,2.481146445014994
300,269,0.014042081499286032,3.777319923307943
300,270,0.005872617727396189,1.5856067863969712
300,271,0.014042465330509539,3.805508104568085
300,272,0.008874177899177079,2.4137763885761654
300,273,0.008588703426317491,2.344716035384675
300,274,0.009328100042357826,2.5558994116060445
300,275,0.010766465833560938,2.960778104229258
300,276,0.006753510386505484,1.8639688666755134
300,277,0.014043583687673434,3.8900726814855413
300,278,0.009329072732664909,2.5934822196808445
300,279,0.010240377162148798,2.857065228239515
300,280,0.006851387348629246,1.9183884576161887
300,281,0.01404430282041164,3.9464490925356706
300,282,0.006900325829691793,1.9458918839730857
300,283,0.014044654790309126,3.9746373056574824
300,284,0.009265685747669738,2.6314547523382057
300,285,0.008368480261540079,2.3850168745389224
300,286,0.007997946047787021,2.287412569667088
300,287,0.01203886634116338,3.4551546399138897
300,288,0.007047141272876726,2.029576686588497
300,289,0.013311266848766047,3.8469561192933877
300,290,0.007569151737534045,2.195054003884873
300,291,0.010462847502076248,3.044688623104188
300,292,0.009269212845404537,2.7066101508581246
300,293,0.014046342809201596,4.115578443096068
300,294,0.006166248613766686,1.8128770924474056
300,295,0.011549481530546777,3.407097051511299
300,296,0.009148920248996956,2.7080803937030993
300,297,0.009689819250203935,2.8778763173105686
300,298,0.009333547108076238,2.781397038206719
300,299,0.012542233574939722,3.750127838906977
300,300,0.005872617727395616,1.761785318218685
